decision_date,cpi_yoy,inflation_accel,indpro_yoy,unemployment_6m_change,fed_funds,policy_3m_change,treasury_10y,treasury_5y,treasury_2y,yield_curve,financial_conditions,usd_3m,oil_3m,vix,growth,inflation,liquidity,risk
2011-05-31,3.1283170591613896,1.4709855284749995,4.951124568936849,-0.6999999999999993,0.1,-0.06,3.05,1.68,0.45,2.6,-0.6,-2.567037444723397,5.7672502574665385,15.45,1.1964795621151834,0.6271841848539523,0.2821694646351083,-0.8372821421988851
2011-06-30,3.4437695564145,1.2797887141718256,3.4248213342231715,-0.7000000000000011,0.09,-0.05000000000000002,3.18,1.76,0.45,2.73,-0.5,-1.7622421472704097,-10.25520293812977,16.52,1.0677773926507732,0.5949874634475297,0.24043399097728316,-0.7042942636262927
2011-07-31,3.4302446222304273,0.7286348690469957,3.4145582630532134,-0.20000000000000107,0.09,-0.010000000000000009,2.82,1.35,0.36,2.46,-0.63,0.149883352667457,-15.618661257606481,25.25,0.7786300528232324,0.4795049096400009,0.2076372085608524,-0.3171153569947533
2011-08-31,3.5860509785360817,0.4577339193746921,3.70143151536646,0.09999999999999964,0.07,-0.01999999999999999,2.23,0.96,0.2,2.03,-0.31,0.13605520679467187,-13.524829600778965,31.62,0.6232101723034927,0.49788606381607664,-0.010388839840510764,0.10415695918412297
2011-09-30,3.7602949538676045,0.3165253974531046,3.354332024029061,0.1999999999999993,0.1,0.010000000000000009,1.92,0.96,0.25,1.67,-0.27,6.384469683829286,-17.17733473242391,42.96,0.5382229320809451,0.5034347297154178,-0.11000027261399457,0.7914856164878574
2011-10-31,3.904279232878727,0.47403461064829955,3.2248059296798637,0.29999999999999893,0.08,0.009999999999999995,2.17,0.99,0.25,1.92,-0.11,4.055958249444158,-2.6024247491638897,29.96,0.4669684010575139,0.6449401743196602,-0.12389585806318192,0.22365137887006664
2011-11-30,3.5589350139288545,-0.027115964607227205,3.92271103869386,0.0,0.07,-0.03,2.08,0.96,0.25,1.83,-0.01,5.415107538096153,13.00529219682467,27.8,0.6715887379565497,0.5521939217288028,-0.15690749577850166,0.229627577688326
2011-12-31,3.4117861704068497,-0.34850878346075476,3.7442603652579454,-0.5,0.08,0.0,1.89,0.83,0.25,1.64,-0.12,0.46347926843319787,25.21221335360444,23.4,0.9207061224925508,0.5274592982367905,-0.1586791729541068,-0.18093480648305305
2012-01-31,2.979753481147762,-0.9245257517309646,2.945942617372088,-0.5999999999999996,0.07,0.0,1.83,0.71,0.22,1.61,-0.35,1.5116814808088685,5.655113209571838,19.44,0.9042572063216832,0.18503983453820205,-0.0463903780353364,-0.4241596185931206
2012-02-29,2.9266725782225445,-0.6273407538932352,3.352016112954481,-0.7999999999999989,0.08,0.0,1.98,0.87,0.3,1.68,-0.46,-1.8848225920710893,6.69589477879633,18.43,1.0193889827787714,0.21187160077672212,0.020203671775693054,-0.6352288523129774
2012-03-31,2.89403985441965,-0.5570016555989987,4.242646851684517,-0.7999999999999989,0.1,0.03,2.23,1.04,0.33,1.9,-0.57,-2.1280762381229557,4.249721744409585,15.5,1.0521121120919263,0.1929933435165663,0.08804968546901654,-0.8146382108474803
2012-04-30,2.6456922932170723,-0.35729299809836856,3.7766162086182,-0.8000000000000007,0.13,0.05,1.95,0.82,0.27,1.68,-0.53,-0.21026174495161198,6.5305707901686105,17.15,0.9959338645609594,0.14979660724679728,0.010780748571188943,-0.6450582827064916
2012-05-31,2.297460161585496,-0.6292124166370483,5.16024492298659,-0.8000000000000007,0.14,0.04000000000000001,1.59,0.67,0.27,1.32,-0.5,5.500803911365848,-19.200597683974596,24.06,1.067881878068369,-0.16750372465455532,-0.059788928817460514,-0.1255334509440022
2012-06-30,1.733041302741345,-1.160998551678305,4.673016856731249,-0.5,0.16,0.03,1.67,0.72,0.33,1.34,-0.45,2.7087319932831644,-17.460933708628545,17.08,0.8565767157829796,-0.41987032389581613,-0.07240212485487992,-0.4960624021715948
2012-07-31,1.6816627156562403,-0.9640295775608321,4.683868680194059,-0.3000000000000007,0.16,0.01999999999999999,1.51,0.6,0.23,1.28,-0.58,2.7431460082290027,-16.02631328057965,18.93,0.7385222065473385,-0.39553700613642906,-0.00722340278508743,-0.47666580842679196
2012-08-31,1.422521783473396,-0.8749383781121001,4.374830326677714,0.0,0.16,0.0,1.57,0.59,0.22,1.35,-0.63,-2.659221676791401,11.500231160425333,17.47,0.5457738864868494,-0.2955898598540674,0.04818752220249666,-0.7540789936734807
2012-09-30,1.695349721124706,-0.03769158161663899,2.798443480615176,-0.20000000000000107,0.13,-0.03,1.65,0.62,0.23,1.42,-0.74,-2.233784237581482,8.39604891815615,15.73,0.5401395516472645,-0.09717576726732877,0.1474973688606783,-0.8664565446954878
2012-10-31,2.002909155022703,0.3212464393664627,2.81076499258317,-0.39999999999999947,0.14,-0.01999999999999999,1.72,0.72,0.3,1.42,-0.76,-1.8109221884013982,-2.1003633060853732,18.6,0.6440644805389915,-0.0029475944413492033,0.1470819281648296,-0.7283854196755557
2012-11-30,2.1811784624609754,0.7586566789875793,1.736906578862829,-0.1999999999999993,0.16,0.03,1.62,0.61,0.25,1.37,-0.8,-1.1543089390317784,-8.220172074219956,15.87,0.45254568469376993,0.08471515294423711,0.11062898244260336,-0.8336789929808341
2012-12-31,1.7668513836150979,0.07150166249039192,2.509732269292919,-0.4999999999999991,0.16,0.01999999999999999,1.78,0.72,0.25,1.53,-0.81,0.274346006239945,-0.3796919071382132,18.02,0.6660495935013431,-0.1150830849284271,0.15152752548181733,-0.6833336679201915
2013-01-31,1.7380733197376763,-0.26483583528502663,2.2451766226456504,-0.39999999999999947,0.16,0.0,2.02,0.88,0.27,1.75,-0.88,-0.39808733788279094,13.243650701611976,14.28,0.583455204386857,-0.08587493772351376,0.24374825135906197,-0.8988040436660081
2013-02-28,1.5786120691549055,-0.5803625612392116,2.100266583844501,-0.29999999999999893,0.14,-0.01999999999999999,1.89,0.77,0.25,1.64,-0.77,1.3075195546179197,3.941721255929509,15.51,0.5096383314014648,-0.2514587723385988,0.20968643477194732,-0.7422113731235381
2013-03-31,1.9789444169408643,0.20752062736240084,2.459365741430397,-0.39999999999999947,0.15,-0.010000000000000009,1.87,0.77,0.25,1.62,-0.81,1.3378947206626135,5.891320919089615,12.7,0.5938806719363605,0.03024499405003656,0.2125099468636073,-0.8714545875573063
2013-04-30,1.4806726359467115,-0.2803790641285664,3.471213125121553,-0.20000000000000018,0.14,0.0,1.7,0.68,0.22,1.48,-0.81,0.6344853410868101,-4.536610343061964,13.52,0.5509762088759009,-0.2985186523619561,0.1714913761817573,-0.8484826781659257
2013-05-31,1.1067870417687642,-0.4718250273861413,1.9479192047674232,-0.40000000000000036,0.15,0.0,2.16,1.05,0.3,1.86,-0.85,1.4221788829297477,-0.10866021949363924,16.3,0.544991718555362,-0.4352159937962445,0.2581247692055961,-0.7061893040926722
2013-06-30,1.392096147790478,-0.5868482691503862,1.6134214585980855,-0.20000000000000018,0.11,-0.030000000000000013,2.52,1.41,0.36,2.16,-0.74,2.169725466403749,-0.9049773755656076,16.86,0.40285132490828957,-0.3473258312365336,0.28353819206855274,-0.5904628148487536
2013-07-31,1.7560413062850388,0.27536867033832735,1.9794671591912838,-0.20000000000000018,0.09,-0.06,2.6,1.38,0.31,2.29,-0.79,2.4035257255611953,12.744046341986692,13.45,0.4264681909555601,0.020125842764288557,0.360387404809206,-0.750853173364824
2013-08-31,1.9586079113426136,0.8518208695738494,1.4238840637944339,-0.5,0.09,-0.020000000000000004,2.78,1.62,0.39,2.39,-0.8,1.2247937133309517,17.458936147068414,17.01,0.550849306901835,0.21928886080067503,0.3417564892432721,-0.6374721102447766
2013-09-30,1.521567127194312,0.129470979403834,2.658366482409469,-0.40000000000000036,0.08,-0.009999999999999995,2.64,1.39,0.33,2.31,-0.8,-1.4675832699748814,6.226650062266503,16.6,0.5819379636083207,-0.14111643095295015,0.3134626452556073,-0.7543555900733954
2013-10-31,1.1763332136818017,-0.5797080926032372,3.1860174163451216,-0.39999999999999947,0.08,-0.009999999999999995,2.57,1.31,0.31,2.26,-0.87,-0.8969726505098419,-8.382492863939095,13.75,0.6159398823280581,-0.486141027538937,0.3359274629840498,-0.8846847436566483
2013-11-30,0.9433432776537742,-1.0152646336888393,3.2392305317278103,-0.20000000000000018,0.09,0.009999999999999995,2.75,1.37,0.28,2.47,-0.94,-1.1872837164829786,-14.289683274680499,13.7,0.4997825627472372,-0.6816093714789573,0.3878337391476914,-0.9235077090016429
2013-12-31,1.2186730485435282,-0.3028940786507839,3.2317213627718555,-0.5999999999999996,0.08,0.0,3.04,1.75,0.38,2.66,-0.94,0.6854231619004114,-4.093395857756931,13.72,0.7236284182227583,-0.3835395484814166,0.42840079950939247,-0.8381116421282638
2014-01-31,1.4904580400368683,0.31412482635506667,3.6807872016562326,-0.7999999999999998,0.09,0.0,2.67,1.49,0.34,2.33,-0.94,2.6381684657773574,1.3085470973102087,18.41,0.8595579799422068,-0.136300540898254,0.36109191015366554,-0.5461551325735148
2014-02-28,1.561466533518363,0.6419838612340634,2.909056089836626,-0.7000000000000002,0.07,-0.009999999999999995,2.66,1.51,0.33,2.33,-0.99,0.810431799515321,11.161534305780663,14.0,0.7329798790040654,0.014820664471861407,0.37461278146334887,-0.8163078446785644
2014-03-31,1.1049058680389967,-0.12481860101243303,2.834881508914666,-0.5,0.07,-0.01999999999999999,2.73,1.73,0.44,2.29,-0.95,0.7328105894123027,3.463379851278381,13.88,0.6052662616673733,-0.34620804796429355,0.35547258355884515,-0.7989160267317543
2014-04-30,1.5361413336205887,0.023802465862621247,3.768695722097126,-0.5,0.08,0.009999999999999995,2.67,1.69,0.42,2.25,-0.92,-1.3530523002309391,2.583290620194778,13.41,0.6667696466536737,-0.15281060548204628,0.3016577556840304,-0.8828703968141142
2014-05-31,1.9623921590629534,0.4009256255445903,3.456105655756847,-0.9000000000000004,0.09,0.01999999999999999,2.48,1.54,0.37,2.11,-0.94,-0.6645978986713375,0.5054432348367222,11.4,0.8631353673115953,0.06788238228877556,0.2725782173912524,-0.9448695820761753
2014-06-30,2.1363581534007636,1.031452285361767,4.267211983560015,-0.7000000000000002,0.09,0.009999999999999995,2.53,1.62,0.47,2.06,-0.99,-1.100769074055219,4.430442059663298,11.57,0.8028123221415497,0.2705817495445234,0.29485977566772664,-0.9696539289552034
2014-07-31,2.0754960061839745,0.5393546725633858,4.323836467442965,-0.6000000000000005,0.1,0.010000000000000009,2.58,1.76,0.53,2.05,-0.99,0.5933564526848567,-1.8387129009693082,16.95,0.7422753773998901,0.11630456489156629,0.2920798966490965,-0.6558784447083378
2014-08-31,1.9965530842179113,0.034160925154957944,4.972687926374042,-0.39999999999999947,0.09,0.0,2.35,1.63,0.48,1.87,-0.94,1.0286836901640894,-5.357833655706001,11.98,0.6725221678487664,-0.027414394771079702,0.23930893845154413,-0.8269082239817331
2014-09-30,1.711411839799859,-0.4249463136009046,4.116553515195709,-0.6000000000000005,0.09,-0.010000000000000009,2.52,1.78,0.58,1.94,-0.93,4.635226563153805,-14.047327236730457,16.31,0.7131178934302854,-0.285345506481591,0.25687641332592986,-0.47563678573729495
2014-10-31,1.6642209606277047,-0.4112750455562697,4.324066177047348,-0.7999999999999998,0.09,0.0,2.35,1.62,0.5,1.85,-0.75,3.8853660318465266,-18.018935152193837,14.03,0.837959898941651,-0.32845129221865793,0.13850966986494778,-0.5165936867015382
2014-11-30,1.6511108639672756,-0.34544222025063576,4.004999057717296,-0.5,0.09,0.0,2.18,1.49,0.47,1.71,-0.9,5.644544054321399,-32.61802575107296,13.33,0.6307669345393856,-0.4206559556477243,0.1863062167985495,-0.5500611284634619
2014-12-31,1.2814432152730593,-0.42996862452679974,5.214993834771886,-0.5,0.09,0.0,2.17,1.65,0.67,1.5,-0.76,4.878899084450206,-41.37325874739497,19.2,0.7221310414839461,-0.6409466957604683,0.07311941125112573,-0.24777833892962145
2015-01-31,0.6628473021475401,-1.0013736584801647,4.878236107336553,-0.5,0.12,0.03,1.68,1.18,0.47,1.21,-0.65,7.615554194359131,-40.655656277163786,20.97,0.687342463025246,-0.9827870044246656,-0.07158975744785882,-0.0059146720620531085
2015-02-28,-0.19181041815521382,-1.8377918720057451,4.818762147590316,-0.5,0.11,0.020000000000000004,2.0,1.5,0.63,1.37,-0.7,5.522229516977295,-24.41613588110403,13.34,0.6779480187412741,-1.3600946112248833,-0.0014870950719474347,-0.4621825849052547
2015-03-31,-0.07223100324613707,-1.366465272894657,3.4678412270296333,-0.5999999999999996,0.11,-0.009999999999999995,1.94,1.37,0.56,1.38,-0.78,5.040167454829336,-10.720299345182415,15.29,0.620322386206317,-1.1181871214972483,0.07460252517995954,-0.434303261223153
2015-04-30,-0.021205309809568806,-0.6973963135292638,2.046633606806192,-0.40000000000000036,0.11,0.0,2.05,1.43,0.58,1.47,-0.82,-0.26177117940985317,24.75413266373718,14.55,0.380467316977124,-0.7281113831925112,0.10213507455343755,-0.6961059659832631
2015-05-31,-0.10921097189299234,0.08259944626222149,1.9286063854014657,-0.2999999999999998,0.12,0.009999999999999995,2.12,1.49,0.61,1.51,-0.75,1.080227769249631,20.8868378812199,13.84,0.30909383421653835,-0.6437287150831883,0.068481213392296,-0.6385710727886366
2015-06-30,0.03418442709433034,0.10641543034046741,1.3675218621213237,-0.2999999999999998,0.12,0.009999999999999995,2.35,1.63,0.64,1.71,-0.79,-0.8567604495921421,24.64375523889355,18.23,0.2596437151792167,-0.5460655430242045,0.1312673796983974,-0.5353426014429923
2015-07-31,0.18453915769249818,0.20574446750206699,1.317302962654665,-0.2999999999999998,0.13,0.010000000000000009,2.2,1.54,0.67,1.53,-0.79,3.294876177453654,-20.98289164709829,12.12,0.287610284754068,-0.7648258937929292,0.09540825761705432,-0.6436883598728581
2015-08-31,0.21170390073905754,0.3209148726320499,1.3166440894303744,-0.40000000000000036,0.13,0.010000000000000009,2.21,1.54,0.74,1.47,-0.74,3.5819214756021234,-18.340248962655593,28.43,0.34570194602586074,-0.70673002258532,0.05732589679816485,0.14043759675011397
2015-09-30,0.21987372003589023,0.1856892929415599,0.9098722315099561,-0.40000000000000036,0.14,0.010000000000000009,2.06,1.37,0.64,1.42,-0.64,4.517499678461423,-24.243443174176182,24.5,0.30859959381082924,-0.7583035727801795,-0.0026713477621539794,0.0463657507019704
2015-10-31,-0.02524976223140518,-0.20978891992390336,0.38817896165643795,-0.40000000000000036,0.14,0.010000000000000009,2.16,1.52,0.75,1.41,-0.71,1.3108798430621293,-1.0825727021863685,15.07,0.2604527809357466,-0.7670737223385244,0.03400834747694377,-0.5555597925244888
2015-11-30,0.12155472275849899,-0.09014917798055855,0.34254812754395125,-0.40000000000000036,0.12,-0.020000000000000018,2.21,1.65,0.94,1.27,-0.71,1.6080555633440463,-17.82520325203253,16.13,0.2540759582935587,-0.7884550693451706,0.03825979566559895,-0.49292470757316903
2015-12-31,0.440381832983916,0.22050811294802575,-1.174123095076418,-0.5,0.12,-0.020000000000000018,2.27,1.76,1.06,1.21,-0.59,1.8070422370748185,-17.59875721260541,18.21,0.1781233969439653,-0.591507062259496,-0.037083822806547505,-0.32321594035420603
2016-01-31,0.6614921027238374,0.6867418649552426,-1.7501491972999883,-0.2999999999999998,0.24,0.12,1.94,1.33,0.76,1.18,-0.56,4.868253546252133,-27.76824034334765,20.2,0.003986526711704602,-0.4771003885135299,-0.2060651001165001,-0.09135308620570232
2016-02-29,1.341964810133045,1.2165708500823769,-0.6994404290694312,-0.39999999999999947,0.34,0.22000000000000003,1.74,1.22,0.78,0.96,-0.52,1.6928965640021332,-19.020529309918377,20.55,0.15892146857321518,-0.035745307095498405,-0.3763078529879624,-0.18460393527260344
2016-03-31,0.9735998130960155,0.5348424952055897,-1.032513998927742,-0.1999999999999993,0.38,0.14,1.78,1.21,0.73,1.05,-0.66,-3.020745013582682,-0.5117155938594298,13.95,0.005620251604631393,-0.1910309994335451,-0.18809484446703417,-0.7639496168501874
2016-04-30,0.8738271594469493,0.2069180316304431,-2.027294697436388,-0.09999999999999964,0.36,0.019999999999999962,1.83,1.28,0.77,1.06,-0.67,-5.836738825903254,36.60130718954249,15.7,-0.11952049683540433,-0.046410732574434226,-0.06835377151775493,-0.7758744343846485
2016-05-31,1.1401499595676379,-0.20181485056540716,-1.0697879422303047,0.0,0.37,-0.010000000000000009,1.84,1.37,0.87,0.97,-0.63,-1.588035202526572,49.96945632254124,14.19,-0.09367793772611539,0.07080055511571623,-0.0730804362329851,-0.6489075433968399
2016-06-30,1.0697580168526954,0.09615820375667994,-1.40270161931485,-0.2999999999999998,0.37,0.010000000000000009,1.49,1.01,0.58,0.91,-0.58,2.0403187435122705,30.671358960476457,15.63,0.06269938308517195,-0.03082648640445732,-0.13227165406576255,-0.4029518772865448
2016-07-31,1.054657720608354,0.18083056116140472,-0.6920662712819547,-0.09999999999999964,0.38,0.010000000000000009,1.46,1.03,0.67,0.79,-0.65,2.7994788077267296,-9.656372335798169,11.87,0.00349302585264219,-0.2810987953378971,-0.11737808250837899,-0.5835130046393725
2016-08-31,0.8808163746035547,-0.2593335849640832,-0.5322563059667829,0.0,0.39,0.020000000000000018,1.58,1.19,0.8,0.78,-0.71,-0.02134707135970082,-9.002036659877799,13.42,-0.04467336694153459,-0.43198412598565183,-0.09444068052721166,-0.6566168744701898
2016-09-30,1.094643315397792,0.024885298545096468,-1.114528269540238,0.0,0.4,0.020000000000000018,1.6,1.14,0.77,0.83,-0.6,0.10493768823254257,-1.1394240729231453,13.29,-0.09874179705207527,-0.23325567440980174,-0.15154824710568848,-0.5840438560255505
2016-10-31,1.4792264062756688,0.4329924693782239,-1.0267104243584457,0.0,0.4,0.010000000000000009,1.84,1.31,0.86,0.98,-0.65,1.9171568014015872,12.734713529128538,17.06,-0.08955213922745045,0.10152761931463752,-0.08074366719602936,-0.35450434189766916
2016-11-30,1.644890291617096,0.7716454044743193,-0.8521854725293432,-0.09999999999999964,0.4,0.0,2.37,1.83,1.11,1.26,-0.77,4.768530545285032,10.586392121754695,13.33,-0.009377151569714859,0.22276717894739775,0.055791403300771605,-0.47778115035597996
2016-12-31,1.69784559088888,0.6048850476900292,-0.601222543261315,-0.10000000000000053,0.41,0.009999999999999953,2.45,1.93,1.2,1.25,-0.77,5.4035687725720205,12.636211232187765,14.04,0.014367739011408379,0.22616737124308098,0.04350599437225595,-0.41728137667784165
2017-01-31,2.0966976277196014,0.6174712214439326,0.5055495111740083,-0.20000000000000018,0.54,0.14,2.45,1.9,1.19,1.26,-0.79,1.934154718344705,12.641469143711292,11.99,0.18216834105046767,0.40181195409239984,-0.08668093270744223,-0.6675508055168418
2017-02-28,2.54172511402484,0.9007952257191087,0.0050693690548442305,-0.10000000000000053,0.65,0.24000000000000005,2.36,1.89,1.22,1.14,-0.83,-1.4948591924839216,9.289617486338809,12.92,0.06878470915734952,0.627287087759332,-0.19652610188856992,-0.7859786944699446
2017-03-31,2.795532530444733,1.0966246854879014,0.44999201111664,-0.20000000000000018,0.66,0.12,2.4,1.93,1.27,1.13,-0.78,-3.0020296316074946,-5.97209302325582,12.37,0.1819817083818628,0.6706007043004115,-0.0879934792567623,-0.8436356273212979
2017-04-30,2.383252547484438,0.2915629668314157,1.534728162432475,-0.40000000000000036,0.79,0.14,2.29,1.81,1.28,1.01,-0.77,-1.235888253813111,-6.521327014218004,10.82,0.41396762949483584,0.32643940778889863,-0.13685695106799867,-0.8336085238400127
2017-05-31,2.1974986187151435,-0.3442264953096963,2.1915102309037593,-0.39999999999999947,0.9,0.24,2.21,1.75,1.28,0.93,-0.82,-2.3340735427988313,-10.57407407407408,10.41,0.47424251696847286,0.09269686536406464,-0.23358660104223838,-0.9214654493557365
2017-06-30,1.8733132243213158,-0.9222193061234174,2.2122481392669258,-0.2999999999999998,0.91,0.12,2.31,1.89,1.38,0.93,-0.89,-2.4428148558545915,-8.943411159477632,11.18,0.40893293835660866,-0.15283089269853334,-0.05665615343398779,-0.9228182774531978
2017-07-31,1.6460836717505645,-0.7371688757338735,1.9734322166615526,-0.2999999999999998,1.04,0.14,2.3,1.84,1.34,0.96,-0.93,-4.329732192560698,1.8251875887243862,10.26,0.3846255260978616,-0.14536762923980545,-0.04593955902763864,-1.0622443283430785
2017-08-31,1.7299018749635353,-0.4675967437516082,2.1880053053122017,-0.5,1.15,0.23999999999999988,2.12,1.7,1.33,0.79,-0.87,-3.4661540253990375,-2.132946779871614,10.59,0.5338479071776467,-0.0811006903214904,-0.22103543300196002,-0.9725549391040378
2017-09-30,1.9306207854768775,0.05730756115556179,1.5445112214833578,-0.2999999999999998,1.16,0.11999999999999988,2.33,1.92,1.47,0.86,-0.89,-1.6991756377377931,12.277270751847013,9.51,0.336879242463208,0.20992382417847796,-0.04515881167684558,-0.966611848418359
2017-10-31,2.226915512476868,0.5808318407263036,1.5990903953595481,-0.2999999999999998,1.15,0.0,2.38,2.01,1.6,0.78,-0.91,1.8098175430736552,8.265285799641497,10.18,0.3415594192938125,0.41871794283928965,0.09817951010168105,-0.8045489383239981
2017-11-30,2.045975489668761,0.31607361470522566,2.881243566705627,-0.3000000000000007,1.15,-0.010000000000000009,2.42,2.14,1.78,0.64,-0.94,1.0022986487895125,21.455776555226414,11.28,0.463953125250039,0.37149420065437716,0.09951446784014226,-0.7997026144040827
2017-12-31,2.2266813653235573,0.29606057984667977,3.350338715348955,-0.20000000000000018,1.16,0.010000000000000009,2.4,2.2,1.89,0.51,-0.92,-0.007630349533593872,17.011805689955484,11.04,0.4412524865360541,0.4178553739157408,0.04062926753073904,-0.8380646095299119
2018-01-31,2.11760926773219,-0.10930624474467798,3.5620015900932334,-0.20000000000000018,1.3,0.15000000000000013,2.72,2.52,2.14,0.58,-0.94,-4.503905006207232,19.24208977189108,13.54,0.45856092201912657,0.30027118357611476,-0.08767500226725117,-0.9188392922484218
2018-02-28,2.1378694248201047,0.10366533406713785,3.659580966815268,-0.20000000000000018,1.41,0.25,2.87,2.65,2.25,0.62,-0.79,-1.8779737979881417,7.0209059233449445,19.85,0.46541157665537514,0.2677398205466041,-0.2731727536042264,-0.420431249501959
2018-03-31,2.2601207691866465,0.058378377177348284,4.261561081233478,-0.3000000000000007,1.42,0.11999999999999988,2.74,2.56,2.27,0.47,-0.77,-2.361864236638833,7.294078729738684,19.97,0.59980073099672,0.3157066606227505,-0.16374959461314645,-0.4211861297075114
2018-04-30,2.3572422112531966,0.24590044243810727,4.325101534603526,-0.10000000000000053,1.51,0.10000000000000009,2.95,2.79,2.49,0.46,-0.79,2.4039614272227228,5.76982412835545,15.93,0.46721528449472993,0.38640295052621976,-0.12422533912102726,-0.42515578489169603
2018-05-31,2.4278228664369683,0.28995344161686365,3.461704597608062,-0.19999999999999973,1.69,0.27,2.83,2.68,2.4,0.43,-0.85,3.320500081649369,9.034673612241573,15.43,0.44957515036802354,0.44862742534632094,-0.28047828761402965,-0.4471481042979529
2018-06-30,2.71574467736182,0.4556239081751734,3.4600591444971185,-0.2999999999999998,1.7,0.18999999999999995,2.85,2.73,2.52,0.33,-0.81,5.378010837526426,14.27470325265916,16.09,0.5146847457067296,0.6496812411274611,-0.2267057018738473,-0.3053463197126856
2018-07-31,2.7967643587726077,0.4395221475194111,3.7997128292104776,-0.09999999999999964,1.82,0.13000000000000012,2.96,2.85,2.67,0.29,-0.83,3.103818219566601,1.9253208868144522,12.83,0.4092174666535371,0.5948838549338169,-0.1469926821883187,-0.5710294338069224
2018-08-31,2.8865523510047675,0.45872948456779916,4.225318131722844,-0.19999999999999973,1.91,0.20999999999999996,2.86,2.74,2.62,0.24,-0.87,2.0413539138525616,4.269931322782927,12.86,0.5171056006846626,0.6531859458490155,-0.2172937116986052,-0.6380921175502116
2018-09-30,2.684476192806051,-0.031268484555768694,4.880149928872934,-0.19999999999999973,1.91,0.08999999999999986,3.05,2.94,2.81,0.24,-0.88,0.48481969581117834,-1.3085120733845934,12.12,0.5797590107251396,0.4158997390945517,-0.06825907176012355,-0.74439660120012
2018-10-31,2.273612779635714,-0.5231515791368935,5.1428626812437095,-0.39999999999999947,1.95,0.040000000000000036,3.15,2.98,2.87,0.28,-0.84,3.3692924414906678,-6.5397824842587156,21.23,0.7395107940741075,0.0836320666175454,-0.023010646194235564,-0.15388732436006072
2018-11-30,2.53221024969279,-0.3543421013119774,4.10510410472229,-0.19999999999999973,2.19,0.28,3.01,2.84,2.8,0.21,-0.81,1.870479674120884,-27.290950744558995,18.07,0.4926867076525587,0.09566547554660719,-0.32376346170151105,-0.35406487767587436
2018-12-31,2.208875110645847,-0.47560108216020414,3.892708342236939,-0.09999999999999964,2.2,0.2500000000000002,2.69,2.51,2.48,0.21,-0.73,1.5462046944099583,-38.28594860579552,25.42,0.4000271611239324,-0.15474311471002716,-0.33265224110459946,0.03979220853098828
2019-01-31,1.9454640797063494,-0.3281486999293648,3.950938736766063,-0.10000000000000009,2.27,0.08000000000000007,2.63,2.43,2.45,0.18,-0.81,-2.555349310595467,-17.562394732812734,16.57,0.40295377544904204,-0.10509289816018551,-0.08607225946534504,-0.6208394066239014
2019-02-28,1.5223959756352379,-0.9947683517623984,3.8009391381212065,0.10000000000000009,2.4,0.19999999999999973,2.73,2.52,2.52,0.21,-0.87,-1.9017635487445506,12.662465537613233,14.78,0.24513077940767714,-0.23592686203196342,-0.17566809617341222,-0.7164508222180014
2019-03-31,1.5013895071159578,-0.6932314881454626,3.594365816813072,0.0,2.4,0.1299999999999999,2.41,2.23,2.27,0.14,-0.88,-0.3723368354743628,33.31118493909191,13.71,0.2864690120250051,-0.04149554397808773,-0.09815577658686153,-0.706360893105155
2019-04-30,1.863742394728618,-0.08138892785580776,2.7687155192588575,0.09999999999999964,2.41,0.010000000000000231,2.51,2.28,2.27,0.24,-0.88,1.5655603150671604,18.554977711738463,13.12,0.1324741153575385,0.15864790091984912,0.0625164223205936,-0.6487016747284918
2019-05-31,2.0011522027876927,0.4787562271524548,0.8866010055228912,-0.19999999999999973,2.42,0.020000000000000018,2.14,1.93,1.95,0.19,-0.86,2.213852823708762,-6.502359727320394,18.71,0.1561950497162134,0.16958523384983543,0.029978377963322207,-0.32908475661937453
2019-06-30,1.7989515092999842,0.2975620021840264,2.049664738333834,-0.10000000000000009,2.39,-0.020000000000000018,2.0,1.76,1.75,0.25,-0.83,-0.48203402725968125,-3.3061970426981113,15.08,0.20207589881361424,0.05522673981678131,0.07094439821873814,-0.6065868997196868
2019-07-31,1.6608663104159538,-0.20287608431266424,1.318101851980269,-0.19999999999999973,2.38,-0.040000000000000036,2.02,1.84,1.89,0.13,-0.86,0.14437071277511038,-8.303305655647808,16.12,0.19826845250385997,-0.15201984168962704,0.09379620174272899,-0.5451546076414566
2019-08-31,1.8140120907641943,-0.18714011202349834,0.48190553326215024,-0.2999999999999998,2.4,0.009999999999999787,1.5,1.39,1.5,0.0,-0.75,1.2252489349106943,2.9538231445129792,18.98,0.18458167767627634,0.004241314557713476,-0.042154803526193114,-0.2975872962180811
2019-09-30,1.7552078577412145,-0.04374365155876969,0.3615626078524725,-0.09999999999999964,2.13,-0.25,1.68,1.55,1.63,0.05,-0.74,2.9358861462654318,-7.06185567010309,16.24,0.02850379524927001,-0.0634882829164607,0.26742447613430215,-0.35213767827137943
2019-10-31,1.7253283599857117,0.06446204956975787,-0.14360623989627674,-0.2999999999999998,2.04,-0.3599999999999999,1.69,1.51,1.52,0.17,-0.76,0.3618350987838248,-7.7054501964804345,13.22,0.12042914683371442,-0.059223507262165034,0.43305060259075373,-0.6300538397212716
2019-11-30,1.7710072232727025,-0.043004867491491794,-1.1327689655329265,0.0,1.83,-0.2999999999999998,1.78,1.62,1.61,0.17,-0.78,-0.8777267630070029,5.538405665516599,12.62,-0.1974792889738409,0.03286710714678315,0.37433155916135624,-0.7271402043416519
2019-12-31,2.047792372210777,0.2925845144695627,-0.7508142040256294,-0.10000000000000009,1.55,-0.49,1.92,1.69,1.58,0.34,-0.79,-2.778472539575283,13.033832501386566,13.78,-0.08495503018362875,0.2937916710110734,0.6294785925954677,-0.7580548155946526
2020-01-31,2.2862976460393147,0.5609692860536031,-1.0118351973196105,-0.20000000000000018,1.55,-0.28,1.51,1.32,1.33,0.18,-0.82,-0.15356411085948318,-4.516845612736031,18.84,-0.03941812467215035,0.34520097681608,0.37550607004809794,-0.40584415873393415
2020-02-29,2.482676697683628,0.7214405092645926,-0.8317403524385036,-0.10000000000000009,1.55,0.0,1.13,0.89,0.86,0.27,-0.84,0.45799023910437775,-22.86648313833448,40.11,-0.09358233219586304,0.3473177363797002,0.07799806160999707,0.6611842651251082
2020-03-31,2.318104439116686,0.27505878919702464,0.03687372847245296,-0.20000000000000018,1.58,0.030000000000000027,0.7,0.37,0.23,0.47,-0.17,6.8554709642536515,-66.45403990840693,53.54,0.0700392122630053,-0.11906076457493413,-0.37715904711331977,1.986029492512412
2020-04-30,1.5183297585548594,-0.7737467257932451,-5.486451175270856,0.9000000000000004,0.65,-0.9,0.64,0.36,0.2,0.44,-0.23,5.696227140567411,-62.71810779371849,34.15,-1.3037637236147783,-0.7055236714887122,0.7212312291136438,0.9574278540064177
2020-05-31,0.37616251475818263,-2.1065141829254452,-15.044573387357241,11.1,0.05,-1.53,0.65,0.3,0.16,0.49,-0.51,2.7954185393449515,-20.655810840954715,27.51,-3.5613807214869126,-1.2803015087305616,1.519615395128005,0.32063164999858845
2020-06-30,0.23553202412538443,-2.0825724149913016,-15.267462811188503,9.8,0.05,-0.6,0.66,0.29,0.16,0.5,-0.59,-1.6854634085828768,91.46757679180888,30.43,-3.519945142919461,-0.6772510714507766,0.5783170863942563,0.20097812251405284
2020-07-31,0.7094697770573477,-0.8088599814975117,-10.815319544571889,7.6,0.08,0.03,0.55,0.21,0.11,0.44,-0.5,-4.184521814480857,108.52834113364534,24.46,-3.0630357956031715,-0.16300966111588108,-0.14097214870669866,-0.15497154386939221
2020-08-31,1.0293376860207815,0.6531751712625988,-8.175902872250319,6.6,0.09,0.039999999999999994,0.72,0.28,0.14,0.58,-0.53871,-4.288863275946753,19.791959516446433,26.41,-2.7963124577508873,-0.10094870652877898,-0.09827740123373169,-0.09351534123644235
2020-09-30,1.321529181330816,1.0859971572054317,-7.731877586949254,4.9,0.1,0.020000000000000004,0.69,0.28,0.13,0.56,-0.48696,-2.921099839040253,1.9862490450725634,26.37,-2.201817729355113,0.0356278167538422,-0.11370467234440486,-0.0008216763748419724
2020-10-31,1.4092356377609638,0.6997658607036161,-7.277626801251458,3.5,0.09,0.0,0.88,0.38,0.14,0.74,-0.51891,-0.9152943224108867,-11.12219451371571,38.02,-1.7033759696808253,-0.07873283834775308,-0.037833044585255826,0.608665338847145
2020-11-30,1.203596795073647,0.17425910905286557,-5.339594779274859,-7.799999999999999,0.09,-0.010000000000000009,0.84,0.36,0.16,0.68,-0.57355,-2.1881743559441835,6.078385355550342,20.57,1.4873339471254163,-0.195709934498944,7.43483383885141e-05,-0.3078993895781173
2020-12-31,1.1608694303090417,-0.16065975102177443,-5.5044220765766205,-6.6000000000000005,0.09,0.0,0.93,0.36,0.13,0.8,-0.60471,-4.813418158808336,20.72409488139826,22.75,1.335085595041361,-0.20419376870513428,0.03206471204892544,-0.3396644648050668
2021-01-31,1.288867220751877,-0.12036841700908685,-3.582492724757347,-4.3999999999999995,0.09,0.0,1.11,0.45,0.11,1.0,-0.63774,-3.602949660482513,46.35241301907966,33.09,0.8855103114974124,0.015357925322931431,0.09026562153941936,0.1785343003572503
2021-02-28,1.3699953998461467,0.1752963668724572,-1.831945010509739,-3.8999999999999995,0.09,0.0,1.44,0.75,0.14,1.3,-0.65002,-0.34886103496029053,36.172566371681405,27.95,0.898740563946153,0.06114759263846708,0.1524089398070875,0.06887382690807277
2021-03-31,1.6756560442617419,0.5368478004993849,-4.248988532122677,-2.2,0.08,-0.009999999999999995,1.74,0.92,0.16,1.58,-0.63474,2.2516796640941417,22.419855222337116,19.4,0.20707259076342915,0.21648495629691056,0.2030348412741328,-0.21067844128463875
2021-04-30,2.6373217462760223,1.3371819338028779,1.0150006553637958,-1.7999999999999998,0.07,-0.01999999999999999,1.65,0.86,0.16,1.49,-0.68461,0.11862322031672701,21.74079754601228,18.61,0.6064839719153297,0.8754697580891818,0.2310832045781855,-0.3756020380291613
2021-05-31,4.153135148638509,2.7831397487923626,17.589172678018762,-0.8000000000000007,0.07,-0.009999999999999995,1.58,0.79,0.14,1.44,-0.68875,-1.8372675497604463,7.733549959382624,16.76,1.9185360619295693,1.8551576937365106,0.21329505151601122,-0.5516799492484893
2021-06-30,4.926506786693863,3.250850742432121,16.323677766724053,-0.9000000000000004,0.06,-0.010000000000000009,1.45,0.87,0.25,1.2,-0.7165,-1.115851397867229,24.210170636931917,15.83,1.7742152966500446,2.385047592245376,0.18859705757002873,-0.5815587345115947
2021-07-31,5.324507738590345,2.6871859923143226,9.798907880678609,-0.7999999999999998,0.08,0.009999999999999995,1.24,0.69,0.19,1.05,-0.67717,0.5241609187403462,16.425196850393718,18.24,1.1367610399956491,2.363878519689999,0.11202455886916018,-0.36497869053196064
2021-08-31,5.282594236748084,1.1294590881095745,6.561476761721896,-0.8999999999999995,0.1,0.04000000000000001,1.3,0.77,0.2,1.1,-0.66728,2.121750561586744,3.197104509123827,16.48,0.8609829278725498,1.9051000847236383,0.08115439326061873,-0.37024824379162374
2021-09-30,5.2024769662943005,0.2759701796004377,5.9467695041525825,-1.0,0.09,0.009999999999999995,1.52,0.98,0.28,1.24,-0.68249,1.8542326169023848,2.3122959738846705,23.14,0.8271706908585524,1.650160157833394,0.1506247730229697,-0.07269591862053479
2021-10-31,5.3773030071228245,0.05279526853247951,4.61905045820219,-1.2000000000000002,0.08,-0.020000000000000004,1.55,1.18,0.48,1.07,-0.6935,1.2989099274527405,12.944677397538197,16.26,0.756890699194958,1.7100259811836847,0.16022544704644234,-0.4359185647402056
2021-11-30,6.2435211278420555,0.9609268910939717,5.1379579369530415,-1.5,0.08,-0.009999999999999995,1.43,1.14,0.52,0.91,-0.63408,2.7403109959012406,-3.346485459593751,27.19,0.8809164175547297,2.140381318036819,0.07897291352565126,0.19655074829949457
2021-12-31,6.880468483522195,1.6779915172278947,5.274035131416044,-1.5999999999999996,0.08,0.0,1.52,1.26,0.73,0.79,-0.58094,0.5606230967644121,0.14623770273862746,17.22,0.915275732713593,2.508222195461389,0.011735430402095747,-0.349109186875903
2022-01-31,7.123413365958098,1.7461103588352733,3.6701280149442406,-2.0000000000000004,0.08,0.0,1.79,1.62,1.18,0.61,-0.58669,1.2538671344172636,6.778443113772448,24.83,0.8781880862780933,2.575865350872572,-0.01906540467927194,0.04907364063250624
2022-02-28,7.5259344012204465,1.2889936440916294,4.084295365746682,-1.4000000000000004,0.08,0.0,1.83,1.71,1.44,0.39,-0.53151,-0.8473664690023308,45.34321136982158,30.15,0.7483016643266419,2.779205177983932,-0.09643134543847232,0.247773107018011
2022-03-31,7.912024484898206,1.083652393658907,7.453063697267326,-1.4000000000000004,0.08,0.0,2.32,2.42,2.28,0.04,-0.33352,-0.0530867517326894,33.45280764635603,20.56,1.0493117271834826,2.7206228925607263,-0.29441432661442346,-0.045757055950664385
2022-04-30,8.557586368232784,1.461044030602232,5.469344041758029,-1.1,0.2,0.12000000000000001,2.89,2.92,2.7,0.19,-0.35886,3.398317844348675,17.30596680125618,33.4,0.7826888721749976,2.835532822267274,-0.3823200538248308,0.7133851922154973
2022-05-31,8.224139288485999,0.6982048872655522,6.404269983555277,-0.9999999999999996,0.33,0.25,2.85,2.81,2.53,0.32,-0.20212,2.471741605798883,18.984708207635492,26.19,0.8359015234709015,2.4704919010781876,-0.6100006947075783,0.42804253075208026
2022-06-30,8.516412942713858,0.6043884578156522,5.425918409276553,-0.6000000000000001,0.77,0.5700000000000001,2.98,3.01,2.92,0.06,-0.1431,4.984647002563736,7.191883019994028,28.71,0.6436614962819108,2.396569403812602,-1.0419603703368603,0.7024902177481689
2022-07-31,8.995220608588127,0.4376342403553437,4.164491682494553,-0.2999999999999998,1.21,0.8799999999999999,2.67,2.7,2.89,-0.22,-0.20144,1.9034540011866774,-3.1360550721866387,21.33,0.44319722218069246,2.370805779930195,-1.356917222498802,0.16122678513201788
2022-08-31,8.482129735766986,0.25799044728098686,3.901067090700727,-0.5,1.68,0.9099999999999999,3.15,3.3,3.45,-0.3,-0.26816,4.628255684744009,-21.236230110159116,25.87,0.472988178344554,1.981437396480614,-1.3119029597944807,0.45844215031356994
2022-09-30,8.24923469014105,-0.26717825257280836,3.678610034015284,-0.09999999999999964,2.33,1.12,3.83,4.06,4.22,-0.39,-0.14145,5.414449775637942,-25.84446919079436,31.62,0.3401915196721569,1.711477659203076,-1.5682116093610547,0.857624325900418
2022-10-31,8.222410234342536,-0.7728103742455907,5.334412287255441,-0.10000000000000009,2.56,0.8800000000000001,4.1,4.27,4.51,-0.41,-0.11154,4.807592811892802,-14.579014904747801,25.88,0.4919915128935356,1.6119186579827074,-1.3234027244370632,0.5682611696823795
2022-11-30,7.76311508008245,-0.7190146556845356,3.28452390583287,0.10000000000000009,3.08,0.75,3.68,3.82,4.38,-0.7,-0.26901,-0.014166025822637263,-10.667110667110668,20.58,0.24429254830213748,1.4616890904157622,-1.1061213828240175,-0.018461077887374593
2022-12-31,7.117878531114008,-1.1313561590270416,2.5073312344916276,0.10000000000000009,3.78,1.2199999999999998,3.88,3.99,4.41,-0.53,-0.21479,-4.775288829218249,0.312851958453253,21.67,0.17131419356653388,1.214487794327847,-1.5070156176214462,-0.14197229022735247
2023-01-31,6.420682121616728,-1.801728112725809,1.6455595442944837,-0.10000000000000009,4.1,1.0199999999999996,3.52,3.63,4.21,-0.69,-0.37016,-6.771329999004871,-8.770510746475624,19.4,0.14598467420683717,0.795433028554086,-1.2087427052713111,-0.4463478308572836
2023-02-28,6.347156217821026,-1.4153364590726802,0.7895561255457872,-0.10000000000000009,4.33,0.5500000000000003,3.92,4.18,4.81,-0.89,-0.45282,-1.7676847410285967,-4.473161033797224,20.7,0.06589563236821928,0.8649570335124458,-0.7415346264646405,-0.21847023894153736
2023-03-31,5.986437581251547,-1.148910503323508,0.3220013257721144,-0.10000000000000009,4.57,0.47000000000000064,3.48,3.6,4.06,-0.58,-0.12072,-1.7009592705327314,-5.588822355289413,18.7,0.028866806130190818,0.7937617091282794,-0.8467811723138476,-0.07463219748324589
2023-04-30,4.986920465297495,-1.4580200267865218,0.534553757879741,0.0,4.65,0.3200000000000003,3.44,3.51,4.04,-0.6,-0.30218,0.20558042430589563,-2.748575047498414,15.78,0.020285578250865993,0.44215419903294706,-0.5791470291718963,-0.26308057669521756
2023-05-31,4.957191513836978,-1.389964703984048,0.23785134145237752,-0.30000000000000027,4.83,0.2599999999999998,3.64,3.74,4.4,-0.76,-0.30634,-0.303212369811956,-11.40738813735691,17.94,0.07698803665151678,0.3933090919526576,-0.5418640596213605,-0.18162490106448576
2023-06-30,4.128843539283422,-1.8575940419681247,0.22748302390906971,0.10000000000000009,5.06,0.40999999999999925,3.81,4.13,4.87,-1.06,-0.31908,0.00033512008190683673,-6.633192389006359,13.59,-0.03759852255537892,0.07803881223429836,-0.7134941431679583,-0.38465787137842544
2023-07-31,3.092003474389937,-1.894916990907558,-0.42800256704157436,0.10000000000000009,5.08,0.25,3.97,4.18,4.88,-0.91,-0.39243,-1.1748394629305325,6.5381609794217255,13.63,-0.1002433030350594,-0.160573581980616,-0.48693188014308103,-0.4867803680166615
2023-08-31,3.299075444289068,-1.6581160695479102,-0.22989776288435682,0.10000000000000009,5.12,0.0600000000000005,4.09,4.23,4.85,-0.76,-0.4,-0.6127331436384775,22.669211569519888,13.57,-0.08065620945091494,0.047682874219611614,-0.28186345349446684,-0.4685202167372647
2023-09-30,3.7075037247731313,-0.4213398145102909,0.24623575087374672,0.19999999999999973,5.33,0.25,4.59,4.6,5.03,-0.44,-0.45798,2.4690727090848963,28.460232097367676,17.52,-0.06354275263126072,0.4541544403874295,-0.3565637784170134,-0.17248697800524956
2023-10-31,3.6899025086076342,0.5978990342176971,0.080364499368768,0.2999999999999998,5.33,0.20999999999999996,4.88,4.82,5.07,-0.19,-0.38988,5.102776087404859,-0.19559902200488866,18.14,-0.10800494455638096,0.48332877248660494,-0.3273146408577847,0.025712238184574868
2023-11-30,3.232355773909612,-0.06671967037945592,-0.680099099325604,0.5,5.33,0.0,4.37,4.31,4.73,-0.36,-0.50404,0.015304637138702226,-9.44344703770198,12.92,-0.23851269728235308,0.15353769811033985,-0.08019803981971545,-0.5471055665265507
2023-12-31,3.1209184254415545,-0.5865852993315768,-0.3935162951255844,0.0,5.33,0.0,3.88,3.84,4.23,-0.35,-0.54284,-3.177968353586891,-20.799823730307367,12.45,-0.06612977087847456,-0.05362642760686889,-0.04916406190749379,-0.7407557509318353
2024-01-31,3.2977691561590694,-0.3921333524485648,0.9845809421706432,0.1,5.33,0.0,3.99,3.91,4.27,-0.28,-0.56413,-2.7482226550513467,-6.565409113179809,14.35,0.039226821988833,0.1247113620133408,-0.0202575677455815,-0.640444487044866
2024-02-29,3.1059809026621865,-0.1398065902456391,0.0254515455231585,0.2000000000000001,5.33,0.0,4.25,4.26,4.64,-0.39,-0.51816,0.7809160419615546,4.705260375363474,13.4,-0.0832599899247997,0.1845204862971618,-0.068361000194831,-0.4931137127589878
2024-03-31,3.1657429794798686,0.026261047573417073,-0.22989828122272904,0.10000000000000009,5.33,0.0,4.2,4.21,4.59,-0.39,-0.55572,2.194124680799314,16.7895395743497,13.01,-0.0792186182751301,0.30836019715535806,-0.03978295323288062,-0.4735027962215445
2024-04-30,3.475131237075124,0.15197152461376984,-0.0014611452261448221,0.0,5.33,0.0,4.69,4.72,5.04,-0.35,-0.50758,2.1191848420409443,9.452018877818546,15.65,-0.027347959071102313,0.3839922376925247,-0.06654981887061748,-0.30908738544924236
2024-05-31,3.3577311967053047,0.2517502940431182,-0.37701936574660033,0.10000000000000009,5.33,0.0,4.51,4.52,4.89,-0.38,-0.58016,0.7555552621502759,-1.577884372633176,12.92,-0.09342042292344108,0.3010358237365579,-0.018014332029254707,-0.5586412594557821
2024-06-30,3.2502101428971697,0.0844671634173011,0.13196621897846317,0.2999999999999998,5.33,0.0,4.36,4.33,4.71,-0.35,-0.5678,2.636939127790572,-1.3458789899952306,12.44,-0.1010521583034175,0.23409050090536712,-0.020605857208030154,-0.4861386465236286
2024-07-31,2.975628529981611,-0.4995027070935132,1.575684527094423,0.39999999999999947,5.33,0.0,4.09,3.97,4.29,-0.2,-0.58299,0.5301446595650017,-4.946700203617194,16.36,0.012733552188323213,0.006740187815635802,0.014072641074287162,-0.3953464462207294
2024-08-31,2.923565791719729,-0.4341654049855759,-0.17803054557872233,0.5999999999999996,5.33,0.0,3.91,3.71,3.91,0.0,-0.5526,0.18689904830546666,-4.424778761061954,15.0,-0.219341260720065,0.007295664047048678,0.02386163880108662,-0.45708653681267297
2024-09-30,2.5912269299480206,-0.6589832129491491,0.04248504536104036,0.30000000000000027,5.33,0.0,3.81,3.58,3.66,0.15,-0.57701,-2.3539915771880415,-16.998671978751656,16.73,-0.10844837291482508,-0.21812371800233926,0.06623766204990994,-0.5047437165497733
2024-10-31,2.4075134727031156,-0.5681150572784954,-0.6449639476478586,0.2999999999999998,5.13,-0.20000000000000018,4.28,4.15,4.16,0.12,-0.56125,0.9394414145245777,-12.323588709677423,23.16,-0.1764905847706158,-0.22733908448035922,0.23534546067992532,-0.01657057778953797
2024-11-30,2.5763256387161038,-0.3472401530036251,-0.29012040581761767,0.19999999999999973,4.83,-0.5,4.18,4.05,4.13,0.05,-0.64189,3.4772599819172134,-8.400429414922161,13.51,-0.11114617577167146,-0.10443565777312486,0.558263728368779,-0.44689476696470104
2024-12-31,2.732579279536651,0.1413523495886304,-0.8987547479365587,0.20000000000000018,4.64,-0.4900000000000002,4.58,4.38,4.25,0.33,-0.60364,6.588619993667888,5.367272727272732,17.35,-0.17164751041570175,0.13004013290764213,0.5604305613474359,-0.08280193149313542
2025-01-31,2.8965932720523835,0.48907979934926793,0.5488600411766908,0.0,4.48,-0.34999999999999964,4.58,4.36,4.22,0.36,-0.65143,2.9519514610717446,4.685254383443516,16.43,0.03285696833548482,0.24942466200508184,0.4690934719903595,-0.3323946999668209
2025-02-28,2.999412512831112,0.4280090160343919,1.9983642580530647,-0.20000000000000018,4.33,-0.3099999999999996,4.24,4.03,3.99,0.25,-0.6668,1.3435793072828162,2.5051274538528956,19.63,0.2380782137869458,0.254825867219778,0.4250997852617923,-0.2547190701146291
2025-03-31,2.8142703731568686,0.1001019726725838,1.440229268534865,-0.10000000000000053,4.33,-0.15000000000000036,4.23,3.96,3.89,0.34,-0.55589,-1.9879716114559853,-0.786858089453335,22.28,0.151326471875843,0.10719437633955142,0.20990076713900613,-0.19158832541522858
2025-04-30,2.4055852640280317,-0.4667810047785492,1.336928128164061,0.10000000000000053,4.33,0.0,4.17,3.72,3.6,0.57,-0.44273,-4.584816022066763,-18.245469522240533,24.7,0.08088939639045681,-0.247637595760119,0.023100293982925946,-0.10289325584945046
2025-05-31,2.3337465177498906,-0.6656659950812216,1.4880301064511547,0.10000000000000053,4.33,0.0,4.41,3.96,3.89,0.52,-0.60589,-5.077233094663647,-12.162355295126481,18.57,0.09609297312963679,-0.2740124254348978,0.13681482419395108,-0.5586367042749899
2025-06-30,2.3759340869898393,-0.43833628616702924,0.5973021867416772,0.0,4.33,0.0,4.24,3.79,3.72,0.52,-0.51043,-5.760274648304165,-7.750104355085585,16.73,0.03585259307364312,-0.18496813992696343,0.062006179736141954,-0.6060803873711946
2025-07-31,2.6726833178446263,0.26709805381659457,0.7299517497728836,0.0,4.33,0.0,4.37,3.96,3.94,0.43,-0.56951,-0.7105678098344059,18.152812762384563,16.72,0.04938016125319016,0.21781108531257334,0.09064836425837629,-0.41793427697638885
2025-08-31,2.7318012794754543,0.39805476172556364,1.4314391840747787,0.20000000000000018,4.33,0.0,4.23,3.68,3.59,0.64,-0.56025,-1.2804740841965812,4.718516108037751,15.36,0.06040448242654954,0.1810087348760734,0.11655984977740948,-0.5064050247637889
2025-09-30,2.9392196249335534,0.563285537943714,0.8742996478340093,0.20000000000000018,4.33,0.0,4.16,3.74,3.6,0.56,-0.57265,0.609670309055943,-4.720965309200597,16.28,0.0034897073816415047,0.22339681901321742,0.11332587040413881,-0.38079376803439924
2025-10-31,3.022699626172387,0.35001630832776076,1.291383434345006,0.09999999999999964,4.22,-0.11000000000000032,4.11,3.71,3.6,0.51,-0.54921,-0.2753017145767811,-12.237066515065376,17.44,0.07646762607167686,0.15785504161519573,0.19139741936037408,-0.34413195580127015
2025-11-30,2.7899253400261115,0.05812406055065722,1.8105047275798203,0.20000000000000018,4.09,-0.2400000000000002,4.02,3.59,3.47,0.55,-0.53414,0.7025311085266939,-8.980733374766936,16.35,0.11654884613773492,0.040995891651831165,0.30776516175938357,-0.3442647279686416
2025-12-31,2.711969385272184,-0.2272502396613696,2.5188206561421955,0.39999999999999947,3.88,-0.33999999999999986,4.18,3.73,3.47,0.71,-0.56896,-0.3256287831871596,-9.355706822858956,14.95,0.1280228143463505,-0.04725785512955726,0.4496967760555771,-0.4886826169207317
2026-01-31,2.653312468710922,-0.3693871574614649,1.9911828585041258,0.3000000000000007,3.72,-0.36999999999999966,4.26,3.79,3.52,0.74,-0.60032,-2.8720798708910977,4.453441295546567,17.44,0.10325395678575229,-0.010587055824965337,0.5029634098916942,-0.498347641932193
2026-02-28,2.391201432150014,-0.33793480605219806,2.275028056847228,0.0,3.64,-0.23999999999999977,3.97,3.51,3.38,0.59,-0.56294,-2.6685897960144644,14.305223625810859,19.86,0.2250152288030278,-0.026924019082320953,0.32956553652084664,-0.3353219822221456
2026-03-31,2.4340041103732224,-0.2624398061207289,1.435914986552822,0.10000000000000053,3.64,-0.08000000000000007,4.3,3.92,3.79,0.51,-0.47504,1.0767827794925244,79.6367446734195,25.25,0.10633066022883395,0.3964223410767491,0.10291459736773395,0.18204742652864922
2026-04-30,3.2859577528651984,0.6326536383074455,0.7416835246099485,-0.10000000000000053,3.64,0.0,4.4,4.02,3.88,0.52,-0.518,0.6542855107226853,68.43410852713178,16.89,0.0956031560761697,0.7881492055669982,0.06063553259828995,-0.30571532564337606
2026-05-31,3.7792458367415627,1.3880444045915485,1.353137956983197,-0.10000000000000053,3.64,0.0,4.45,4.13,3.98,0.47,-0.51,0.8962649685161361,36.1409796893668,15.32,0.1596927266317213,0.9144591685873088,0.047136840508468295,-0.37019315098241634
2026-06-30,4.166614684049641,1.7326105736764186,1.6659155850265561,-0.20000000000000018,3.63,-0.010000000000000231,4.44,4.19,4.14,0.3,-0.516,-0.09104804395422272,-31.401905502624928,16.45,0.22333250891041279,0.7093585912833518,0.03449634087589142,-0.36057376699198457
2026-07-31,3.463530729385411,0.17757297652021276,1.1440847075981697,-0.20000000000000018,3.63,-0.010000000000000231,4.75,4.45,4.28,0.47,-0.554,0.8699682314971646,-20.692194403534614,15.99,0.1680370086458973,0.20928196265511714,0.08898480775762074,-0.36691909956300006
